{
  "n_train": 14904,
  "n_test": 3727,
  "roc_auc": 0.9958972407690937,
  "f1_phishing": 0.9629629629629629,
  "confusion_matrix": [
    [
      2187,
      78
    ],
    [
      32,
      1430
    ]
  ],
  "classification_report": {
    "Safe Email": {
      "precision": 0.985579089680036,
      "recall": 0.9655629139072848,
      "f1-score": 0.9754683318465656,
      "support": 2265.0
    },
    "Phishing Email": {
      "precision": 0.9482758620689655,
      "recall": 0.9781121751025992,
      "f1-score": 0.9629629629629629,
      "support": 1462.0
    },
    "accuracy": 0.9704856452911189,
    "macro avg": {
      "precision": 0.9669274758745008,
      "recall": 0.971837544504942,
      "f1-score": 0.9692156474047642,
      "support": 3727.0
    },
    "weighted avg": {
      "precision": 0.9709460553984732,
      "recall": 0.9704856452911189,
      "f1-score": 0.9705628182141999,
      "support": 3727.0
    }
  },
  "top_phishing_terms": [
    "click",
    "http",
    "free",
    "remove",
    "money",
    "life",
    "online",
    "removed",
    "software",
    "offer",
    "site",
    "best",
    "com",
    "save",
    "reply"
  ],
  "top_safe_terms": [
    "enron",
    "url",
    "wrote",
    "thanks",
    "language",
    "university",
    "linguistics",
    "attached",
    "edu",
    "vince",
    "num num",
    "louise",
    "english",
    "languages",
    "questions"
  ]
}